<?xml version="1.0" encoding="UTF-8"?>
<Configuration>
    <Appenders>
        <File name="A1" fileName="A1.log" append="false">
            <PatternLayout pattern="%d %-5p [%t] %C{2} (%F:%L) - %m%n"/>
        </File>
        <Console name="STDOUT" target="SYSTEM_OUT">
            <PatternLayout pattern="%d %-5p [%t] %C{2} (%F:%L) - %m%n"/>
        </Console>
    </Appenders>
    <Loggers>
        <!-- You my want to define class or package level per-logger rules -->
        <!-- <Logger name="mainpackage.Controller" level="debug">
            <AppenderRef ref="A1"/>
        </Logger> -->
        <Root level="info">
            <AppenderRef ref="STDOUT"/>
            <AppenderRef ref="A1"/>
        </Root>
    </Loggers>
</Configuration>